feed,proxy_address,aggregator_address,phase_id,aggregator_round_id,block_number,block_hash,transaction_hash,transaction_index,log_index,answer_raw,decimals,price_usd,updated_at,updated_at_utc,range_from_block,range_to_block
reference,0x67d4Ae9f265270aE123c08D2657536771D19cD91,0x1eb65da53150b09732fa64192c4a93af489489c1,1,1331,25718438,0x810cbdd4be8e8edc954e0d2ad25877b5a7f81265399a09e2af2fcf3b8dcb1bbe,0xc35d54c6ebca049571dab1c6923b4bca045b9065736d8f344b56d2bed1bb0039,112,368,9860362303,8,98.60362303,1786290743,2026-08-09T15:52:23+00:00,25718399,25933619
reference,0x67d4Ae9f265270aE123c08D2657536771D19cD91,0x1eb65da53150b09732fa64192c4a93af489489c1,1,1332,25724692,0x36cc1d74b95e99bbb82e59368fb766859c7a10c4f338efe727bef57979f9a30e,0x5506b510d0076fbd886a7d35c45f3f910aacfaf2c7832eef6371ec1df11daaab,91,353,9912482769,8,99.12482769,1786366079,2026-08-10T12:47:59+00:00,25718399,25933619
primary,0xC353ac4b425f818Ad87E228bf816E15c2173AC07,0x2d5ee9a108f8ffa8a69539924092b6fb0982153e,1,595,25724905,0x0f95ca29614d8fef93872e36222568364142b6d6ddcf1d3d9bc852a1eaba1d78,0x68f4c860c3328d1c65f2a5c95fb1e62d76c862e89a70e2ec4e098a36d575d0dd,55,181,9883907270,8,98.83907270,1786368635,2026-08-10T13:30:35+00:00,25718399,25933619
reference,0x67d4Ae9f265270aE123c08D2657536771D19cD91,0x1eb65da53150b09732fa64192c4a93af489489c1,1,1333,25725034,0x2588ed1855c86808392870212afb5d792401ff1c85b4735f63e968d744a0cb2d,0x64e6591d0fa4825bf9dc4265c30b734c6c39e50b701c472fc7964aafa0e4988e,8,34,9862436750,8,98.62436750,1786370183,2026-08-10T13:56:23+00:00,25718399,25933619
primary,0xC353ac4b425f818Ad87E228bf816E15c2173AC07,0x2d5ee9a108f8ffa8a69539924092b6fb0982153e,1,596,25725595,0xb734fcb6186686d1042b4e09220fa678a2c6b40cd305969e6204f6bf6a1673ae,0x5e3e3d14989c898784e29b4a2fca1bc62357eeacd99a312bf0685e578a4d1741,61,54,9834431723,8,98.34431723,1786376951,2026-08-10T15:49:11+00:00,25718399,25933619
reference,0x67d4Ae9f265270aE123c08D2657536771D19cD91,0x1eb65da53150b09732fa64192c4a93af489489c1,1,1334,25725769,0x956f42cdc7b455a9a1d0851532cfecb3118fac0ec06ae3f83e9d242e6c536c5a,0x57af4adf1b9591983a11a91efbf55f6c6364ed3e9301627f1feff2acb217ecda,71,230,9810942456,8,98.10942456,1786379039,2026-08-10T16:23:59+00:00,25718399,25933619
primary,0xC353ac4b425f818Ad87E228bf816E15c2173AC07,0x2d5ee9a108f8ffa8a69539924092b6fb0982153e,1,597,25725842,0x690ffa46f6b9c1f7a7e4a40e7e6637ae8ad324f0a856e6572f37e486498af58a,0xb97349407e32b2df9c6b08b9e158b949c1bca9a57bc801b2e8c52037dd767331,117,435,9783607787,8,97.83607787,1786379915,2026-08-10T16:38:35+00:00,25718399,25933619
primary,0xC353ac4b425f818Ad87E228bf816E15c2173AC07,0x2d5ee9a108f8ffa8a69539924092b6fb0982153e,1,598,25726534,0x206789d0ee60d66ea9100a5c3f6b6be5262b613f0c91abe78d276dbaa8ce82fc,0xd00e655c5349dbd43ff9eab45766359f032f7f4c9b83b12f2dfa27b14dd73901,41,182,9832875889,8,98.32875889,1786388231,2026-08-10T18:57:11+00:00,25718399,25933619
reference,0x67d4Ae9f265270aE123c08D2657536771D19cD91,0x1eb65da53150b09732fa64192c4a93af489489c1,1,1335,25726669,0x4d2de31877fa3d67c39474938eef0f78d0f5e2c32c50e31289373c47a3fb3a6f,0x026d980dee2c7b42070375f5ceb94d6ddea28d962a250c782f00d027e8be3de0,116,897,9860880915,8,98.60880915,1786389851,2026-08-10T19:24:11+00:00,25718399,25933619
reference,0x67d4Ae9f265270aE123c08D2657536771D19cD91,0x1eb65da53150b09732fa64192c4a93af489489c1,1,1336,25726817,0x4f9abb9cbc8a89f882396226b2106edf3afc8f435d36c7919644d168802a1586,0x53e86c88391c074348b2f42d8670907bab1ad1505bb8a7de4bba5c8439a4eebf,166,514,9810056978,8,98.10056978,1786391651,2026-08-10T19:54:11+00:00,25718399,25933619
reference,0x67d4Ae9f265270aE123c08D2657536771D19cD91,0x1eb65da53150b09732fa64192c4a93af489489c1,1,1337,25728043,0x757dfb28678e9be212a080a0b17dc47442dff193c8c4cbcbc0b32ef799878d24,0x00620992960c0a0836e8968b08e4b4072a52c3644a0bb00cd82e9a288128cb06,247,690,9752928384,8,97.52928384,1786406447,2026-08-11T00:00:47+00:00,25718399,25933619
reference,0x67d4Ae9f265270aE123c08D2657536771D19cD91,0x1eb65da53150b09732fa64192c4a93af489489c1,1,1338,25728050,0x16f7bbb30c271946b4cf3bb417fec60cbbd9e989681f7c5acdf2d58ae294d4a2,0x9c58584d364a0b631bba7de63514c319ef19f89f1a4ca826e28d455bad145cad,69,308,9803487933,8,98.03487933,1786406531,2026-08-11T00:02:11+00:00,25718399,25933619
reference,0x67d4Ae9f265270aE123c08D2657536771D19cD91,0x1eb65da53150b09732fa64192c4a93af489489c1,1,1339,25728400,0xe2838d8784c30a62d97a557736867c75f67dbb39aa98c979bc63bf8e8c198233,0x6284d990e43c6a678fb7f33af19d7fb91b1746c4707cd788f67dd6ff289a6bbb,133,579,9853310326,8,98.53310326,1786410767,2026-08-11T01:12:47+00:00,25718399,25933619
reference,0x67d4Ae9f265270aE123c08D2657536771D19cD91,0x1eb65da53150b09732fa64192c4a93af489489c1,1,1340,25729941,0x556dd3ff005c39facc4499eb6d536beeda4ffbe84f4c6ffe747670fa8fdda0a2,0xc2f3f48e8b10305a2667570d11d8411e93dfb65118ae2bd7ec198a32b26bf5ef,19,159,9791593679,8,97.91593679,1786429391,2026-08-11T06:23:11+00:00,25718399,25933619
reference,0x67d4Ae9f265270aE123c08D2657536771D19cD91,0x1eb65da53150b09732fa64192c4a93af489489c1,1,1341,25730287,0x607e60de76fc58781d45cebb89b3071aa988a38e85a9e7c4e412c4d165fa4e8f,0x09502cbf356e5e642c7dd1c3bb04570c2c815a04f7dd3b91d049979a188c1190,106,149,9841054912,8,98.41054912,1786433555,2026-08-11T07:32:35+00:00,25718399,25933619
reference,0x67d4Ae9f265270aE123c08D2657536771D19cD91,0x1eb65da53150b09732fa64192c4a93af489489c1,1,1342,25730426,0xa0865c1f269127c3a4d95b6b4749b7b6530a44b1db3cad776ae00a9c8bf1c35c,0x4351b83e7b0a6cca5f26ed30d4bacb7ef6f40d94092cffcbbe0e44481786a826,73,375,9766022186,8,97.66022186,1786435235,2026-08-11T08:00:35+00:00,25718399,25933619
reference,0x67d4Ae9f265270aE123c08D2657536771D19cD91,0x1eb65da53150b09732fa64192c4a93af489489c1,1,1343,25730436,0xf15997615308151bf29aecccb22595ede737e84a3f69d56d9fed969442150f10,0xc343b94623a8c304e165ea286d5a56a8fae430e92e6db3e44fcffe6ab1e8b235,147,298,9832184372,8,98.32184372,1786435355,2026-08-11T08:02:35+00:00,25718399,25933619
reference,0x67d4Ae9f265270aE123c08D2657536771D19cD91,0x1eb65da53150b09732fa64192c4a93af489489c1,1,1344,25732060,0x546d2a36b39b26a02907a717ec4c17f683e464fe8f148a88404ecb2896c5b00d,0xd2ce4ca817f4a9d92d768b9dacb33707561cea0d12589b24144db4bfa1b2683b,89,202,9782397658,8,97.82397658,1786454975,2026-08-11T13:29:35+00:00,25718399,25933619
primary,0xC353ac4b425f818Ad87E228bf816E15c2173AC07,0x2d5ee9a108f8ffa8a69539924092b6fb0982153e,1,599,25732067,0x063f95c0ee3fc4530341fdc78d827478778452e19ca474ff4ea7e0cb179a470c,0x0800eec668e60ee1f3f7b6efc3a7995293d027fcc3a7b5445d123e76c0decea3,161,689,9781154754,8,97.81154754,1786455059,2026-08-11T13:30:59+00:00,25718399,25933619
reference,0x67d4Ae9f265270aE123c08D2657536771D19cD91,0x1eb65da53150b09732fa64192c4a93af489489c1,1,1345,25732082,0x969b0327671cff17d307c3198b8ff958e5946bf255250587a09de15e79feb115,0x9a343b3ab8d64f11d9590c1bd30ed331a3ea53ba8897f46608d665b87de9d6c1,80,98,9831394111,8,98.31394111,1786455239,2026-08-11T13:33:59+00:00,25718399,25933619
primary,0xC353ac4b425f818Ad87E228bf816E15c2173AC07,0x2d5ee9a108f8ffa8a69539924092b6fb0982153e,1,600,25732232,0xcabba2aac4e3a28d73e1b93ab533036cbcb0c4b8c9347b19e60915deb9eddc26,0x67e9e96d1138d20a43909eabeeaa98fe520cec7f70a4e3b6f517cdf113911619,14,263,9841090696,8,98.41090696,1786457039,2026-08-11T14:03:59+00:00,25718399,25933619
reference,0x67d4Ae9f265270aE123c08D2657536771D19cD91,0x1eb65da53150b09732fa64192c4a93af489489c1,1,1346,25732849,0xb75bb72f0274bf549e2c8a59ce77a9354a640ae37353948bed945743b756a63d,0x793aa5577f66083897b3fe296423bf846312fc1f594f5b141db1b0f54c5916e5,39,241,9881146700,8,98.81146700,1786464515,2026-08-11T16:08:35+00:00,25718399,25933619
primary,0xC353ac4b425f818Ad87E228bf816E15c2173AC07,0x2d5ee9a108f8ffa8a69539924092b6fb0982153e,1,601,25733055,0x63f1fb9697a75579c98d12c1b0a0509f8556d7913b18916614c250ecbb3a5e85,0x147f13def303f2f75ade9ad8227e6b2a049341ee294caa75a1df22ded9ba638b,59,167,9891219693,8,98.91219693,1786466999,2026-08-11T16:49:59+00:00,25718399,25933619
reference,0x67d4Ae9f265270aE123c08D2657536771D19cD91,0x1eb65da53150b09732fa64192c4a93af489489c1,1,1347,25739324,0xdcb5d9cf4d30e93ecf43ee12ee2f689dfa1ca4906426b53ceec95fb77e457487,0x5142a158c0c7e3c51c40aecd2969f6b00f2a1d0fb124c2804a558b301c68e023,78,173,9930720575,8,99.30720575,1786542587,2026-08-12T13:49:47+00:00,25718399,25933619
reference,0x67d4Ae9f265270aE123c08D2657536771D19cD91,0x1eb65da53150b09732fa64192c4a93af489489c1,1,1348,25740003,0xfddffde8938590c00299154d38bf3bda770710085b8e14d9064131fe865cda40,0x33ef0e654136ae90ccf56010f6e0755c5b1aa0e3442e3943b51a403aab41da34,105,679,9872196086,8,98.72196086,1786550771,2026-08-12T16:06:11+00:00,25718399,25933619
primary,0xC353ac4b425f818Ad87E228bf816E15c2173AC07,0x2d5ee9a108f8ffa8a69539924092b6fb0982153e,1,602,25740221,0xb6434715c3559874fda40190da36668b776577ca11fc4b9e59573f6b77324701,0xa7dcddeaa4b92aee458698fbabb47e1a89f231569622220210e0a355037b3fd6,179,333,9888367329,8,98.88367329,1786553411,2026-08-12T16:50:11+00:00,25718399,25933619
reference,0x67d4Ae9f265270aE123c08D2657536771D19cD91,0x1eb65da53150b09732fa64192c4a93af489489c1,1,1349,25742369,0x24287db45498b12bfeb7c1d8f213a0b4e1bbb85b9984afd8da8d0afc2af85ce6,0xc7937b786931ea8dea1a6da745a7a8ee8f5105c4f995595cacea4fa828525b01,234,579,9694207134,8,96.94207134,1786579235,2026-08-13T00:00:35+00:00,25718399,25933619
reference,0x67d4Ae9f265270aE123c08D2657536771D19cD91,0x1eb65da53150b09732fa64192c4a93af489489c1,1,1350,25742372,0xd2a76b47a79c8ee5d63c758c93bdf942cb22367f465daa3ff73ae0a55c18feda,0x9c467750bf1d8667024ff1d2489f22f374c8545b22e9981c3b3b2b81d6fed751,162,735,9868832994,8,98.68832994,1786579271,2026-08-13T00:01:11+00:00,25718399,25933619
reference,0x67d4Ae9f265270aE123c08D2657536771D19cD91,0x1eb65da53150b09732fa64192c4a93af489489c1,1,1351,25742551,0xc507df76c3b078add2778c8ff126f141d9b34749441475110d10bed37d9635bf,0x1635a80c5b78e812b46449cd69ad44a27bbb24315fcd6c9a0929f27abe1457ba,454,729,9919320351,8,99.19320351,1786581419,2026-08-13T00:36:59+00:00,25718399,25933619
primary,0xC353ac4b425f818Ad87E228bf816E15c2173AC07,0x2d5ee9a108f8ffa8a69539924092b6fb0982153e,1,603,25746450,0xb5609faf5375742bd8094e6bdf6c559c4cf04a40e3502e94110393b3279ea3b4,0xc746bdda3a949a22c518ddc98950f6ffb7ad88648ff95ffbca51935de4d3d7c6,214,1458,9940726356,8,99.40726356,1786628339,2026-08-13T13:38:59+00:00,25718399,25933619
reference,0x67d4Ae9f265270aE123c08D2657536771D19cD91,0x1eb65da53150b09732fa64192c4a93af489489c1,1,1352,25749553,0x7bd0e26113de7a0d4d9793246f5d622818542ab1e1a1b375c51bc087adfd371c,0x88a53a0fb21b643bae19c5c80ce4f95eff5e5d23c0015c13d82707107ee0a423,161,389,9778618432,8,97.78618432,1786665635,2026-08-14T00:00:35+00:00,25718399,25933619
reference,0x67d4Ae9f265270aE123c08D2657536771D19cD91,0x1eb65da53150b09732fa64192c4a93af489489c1,1,1353,25749555,0x5bca7a7b7a3b37ac54f00e85eaa6c6e0903d2e7c61a31d1a867669c81d9b5849,0x92be76609caf108f8bfecb945146085a82658eab29f8fcacaf9b5628df5c30ea,87,136,9905673606,8,99.05673606,1786665659,2026-08-14T00:00:59+00:00,25718399,25933619
reference,0x67d4Ae9f265270aE123c08D2657536771D19cD91,0x1eb65da53150b09732fa64192c4a93af489489c1,1,1354,25749563,0x8498fd320d4eeb6a4a7da2e2901f0c018ceda9b75e3c3892e61ef481635cab2d,0xad5e647b647acd102feb42a5e04a7af24475ce1fd3f75cdc549cd294f3e0cc14,65,125,9983414429,8,99.83414429,1786665755,2026-08-14T00:02:35+00:00,25718399,25933619
reference,0x67d4Ae9f265270aE123c08D2657536771D19cD91,0x1eb65da53150b09732fa64192c4a93af489489c1,1,1355,25751939,0xc0eaa28fc6eaaaccbd37659afa5538a51d460daea514166c1fca6097da6e82e8,0xd9d40e1f09c0abed95fce1e9a6d20d95227ee08b420c15761c01905e3efae42f,221,1557,9909676777,8,99.09676777,1786694447,2026-08-14T08:00:47+00:00,25718399,25933619
reference,0x67d4Ae9f265270aE123c08D2657536771D19cD91,0x1eb65da53150b09732fa64192c4a93af489489c1,1,1356,25751944,0x379cb50f1e294d1227a0c7437e06033dbc71c351c8d06f2242758d2fbc189c39,0x2e1ff436f43a8d30b202b54aa83f08e399f50c4f7899f47a3d3c13ceba5a4724,54,121,9966406477,8,99.66406477,1786694507,2026-08-14T08:01:47+00:00,25718399,25933619
reference,0x67d4Ae9f265270aE123c08D2657536771D19cD91,0x1eb65da53150b09732fa64192c4a93af489489c1,1,1357,25753120,0x6653bcaf01c4ba5ab0e9ea5d799b08d1a0a4a7b0a88b0458e34bb1296a82ec87,0x90c2ce7674163678cfac430481e90cd3b7a1cf9e4f959f5e9ad97c9bdeaaed86,44,147,9915292642,8,99.15292642,1786708643,2026-08-14T11:57:23+00:00,25718399,25933619
primary,0xC353ac4b425f818Ad87E228bf816E15c2173AC07,0x2d5ee9a108f8ffa8a69539924092b6fb0982153e,1,604,25753629,0x46ffdac3145250d71a5b898c5d83eacdb1342111c8baf277973bc59bf669bfe5,0x4206904e735e9c79a2d831b70e5805489d93c4083cdc72c09c67a3f509c6b86e,111,418,9899501867,8,98.99501867,1786714775,2026-08-14T13:39:35+00:00,25718399,25933619
reference,0x67d4Ae9f265270aE123c08D2657536771D19cD91,0x1eb65da53150b09732fa64192c4a93af489489c1,1,1358,25753691,0xe195a579cef2d64f618f8668f8413202ff6da3003d560361d4952b0daf7604fa,0xd9ecfd91a03590c1db4be7ebaa69b1fb7ab63c2f23ce40033c322cd19165bc92,97,357,9861805238,8,98.61805238,1786715519,2026-08-14T13:51:59+00:00,25718399,25933619
primary,0xC353ac4b425f818Ad87E228bf816E15c2173AC07,0x2d5ee9a108f8ffa8a69539924092b6fb0982153e,1,605,25753701,0x5902855a359c2a2220942dac854f34be9b56e70cdcad8abfd16e6af604de4d0a,0x9245562ab73f479082e415154167eeff694c4c77d57d3a9c2c9bd6a87ad3f7cd,32,18,9849210154,8,98.49210154,1786715639,2026-08-14T13:53:59+00:00,25718399,25933619
reference,0x67d4Ae9f265270aE123c08D2657536771D19cD91,0x1eb65da53150b09732fa64192c4a93af489489c1,1,1359,25753731,0xb17a72bb0057c0219ee74dd6d1f853d0eadaf797704adc8b9c670c3ffe018225,0x501611240f20c2f591b0db9b5f6490a35926232014f61a66a14ac629b2b39bfe,73,137,9807066667,8,98.07066667,1786715999,2026-08-14T13:59:59+00:00,25718399,25933619
reference,0x67d4Ae9f265270aE123c08D2657536771D19cD91,0x1eb65da53150b09732fa64192c4a93af489489c1,1,1360,25753753,0xf57c79b7b3bec876d7b16d98acd36e00e134400bd34e5da0ff4f285987026745,0xd63c3b2c48f53e42c6fde289461f0295e9de9bfb31c0814d6969f89d2c1bfb2b,74,446,9858156000,8,98.58156000,1786716263,2026-08-14T14:04:23+00:00,25718399,25933619
primary,0xC353ac4b425f818Ad87E228bf816E15c2173AC07,0x2d5ee9a108f8ffa8a69539924092b6fb0982153e,1,606,25753864,0x3c6f00d3fd84074f3839f9154d56ee1d9aafd6e8af2f45210bbacb591e26f7f0,0x50cc2fd3b9bf43c873f8d07eebec1855e7bfb36a60721e145d8be660d82bced4,97,114,9902468177,8,99.02468177,1786717595,2026-08-14T14:26:35+00:00,25718399,25933619
reference,0x67d4Ae9f265270aE123c08D2657536771D19cD91,0x1eb65da53150b09732fa64192c4a93af489489c1,1,1361,25753866,0x0c6d384fdaf83f41fa3dda67371dab271a712e82f5368feea749c6e3e9006746,0x23888b5ceb9627772b9362197685c069a9b9158bbec84012bb6045335a85a645,5,66,9917933960,8,99.17933960,1786717619,2026-08-14T14:26:59+00:00,25718399,25933619
reference,0x67d4Ae9f265270aE123c08D2657536771D19cD91,0x1eb65da53150b09732fa64192c4a93af489489c1,1,1362,25754013,0x704933a04bbf0339162e0b7b3b2e6232626fd0ff98b03f10265dfc95b33f6169,0x3bd36e7060a6c6712dda457ff86c386a28925d27d7a5b184331f922454295ed1,206,563,9864411837,8,98.64411837,1786719395,2026-08-14T14:56:35+00:00,25718399,25933619
reference,0x67d4Ae9f265270aE123c08D2657536771D19cD91,0x1eb65da53150b09732fa64192c4a93af489489c1,1,1363,25754369,0x9c1fb03cdb4ee74721db9c42932d666fca246dc8780706b8513c400e17f9bc21,0xa4a1fc8b256b1f13f3e3f848d1aee56bd49e0113117b4806ac6f0a83e6d609ab,17,17,9914957225,8,99.14957225,1786723679,2026-08-14T16:07:59+00:00,25718399,25933619
reference,0x67d4Ae9f265270aE123c08D2657536771D19cD91,0x1eb65da53150b09732fa64192c4a93af489489c1,1,1364,25761541,0x4b26e7b970c3c4cfd296ba5a89567b4a75d80810ae43e1ff02dd5463540fb5a1,0x69a339effa0427281a2207032b541ce8e108007f7e29aeab8f7aeb201003c2ab,116,235,9883101774,8,98.83101774,1786810091,2026-08-15T16:08:11+00:00,25718399,25933619
reference,0x67d4Ae9f265270aE123c08D2657536771D19cD91,0x1eb65da53150b09732fa64192c4a93af489489c1,1,1365,25768722,0xe183c608ebab2e1637bd05064ca9c742a90f07e952428fcf5139cda6ddd00e70,0x7c3f51d68489fef1217c6422b015628ab143d1ce7d064cd6d3dfe9dce9c3b1fb,106,272,9883101774,8,98.83101774,1786896527,2026-08-16T16:08:47+00:00,25718399,25933619
reference,0x67d4Ae9f265270aE123c08D2657536771D19cD91,0x1eb65da53150b09732fa64192c4a93af489489c1,1,1366,25771081,0x08e8086b4dbac24a799d1a31b957ccc171951fde418e6c3039b7859db00ad13b,0xca6fb5ce5a066778147bf6e111174de7579efec4578023ef11159a1d029a5c35,46,37,9828093264,8,98.28093264,1786924895,2026-08-17T00:01:35+00:00,25718399,25933619
reference,0x67d4Ae9f265270aE123c08D2657536771D19cD91,0x1eb65da53150b09732fa64192c4a93af489489c1,1,1367,25771133,0x8a0b067e6623275786910160319cba209019c6fcc0d4dfad3f47ce03539cd813,0x66e7f77740f9c9a530a49bad74f611514a246ae4935d10e714c04ae3ba40f1bd,23,17,9879151943,8,98.79151943,1786925519,2026-08-17T00:11:59+00:00,25718399,25933619
reference,0x67d4Ae9f265270aE123c08D2657536771D19cD91,0x1eb65da53150b09732fa64192c4a93af489489c1,1,1368,25771487,0xfb9ccfe166c038c029adf02c6db7af79e6955f213ea8ec1b4e768a82a2c73401,0x78608d7a91d439995f06b4a5feb72787d87544b50b3b94217d394fc92d790db7,132,452,9822265118,8,98.22265118,1786929779,2026-08-17T01:22:59+00:00,25718399,25933619
reference,0x67d4Ae9f265270aE123c08D2657536771D19cD91,0x1eb65da53150b09732fa64192c4a93af489489c1,1,1369,25771606,0xa7d8a16fb13843a663268a0c3640df9b150a98ca475add02df42826341036b78,0x8f574917c38952df0fb0db4468c48fbf9bde5727faf46be63b1724dceaa3e3c8,58,129,9872875567,8,98.72875567,1786931219,2026-08-17T01:46:59+00:00,25718399,25933619
primary,0xC353ac4b425f818Ad87E228bf816E15c2173AC07,0x2d5ee9a108f8ffa8a69539924092b6fb0982153e,1,607,25775114,0x8bdc6ad0281fd346e43386da611468d5b2f7a1b56df14c771d6c2269ec7a09c1,0x490b5ac8e23fe457383131a3db0d84bb8cfafcd04bf7851213a4a662e1041f03,58,173,9893605741,8,98.93605741,1786973459,2026-08-17T13:30:59+00:00,25718399,25933619
reference,0x67d4Ae9f265270aE123c08D2657536771D19cD91,0x1eb65da53150b09732fa64192c4a93af489489c1,1,1370,25775176,0x2377b3c31ee7a1a5f6383bc34e65308d56c7d2e8d6e35c68ffdae80bcc5dce40,0x749420e6f1e13fe0337d40da7380bead0c25d6b52de02c1483a6284d9ec03a42,143,328,9922452134,8,99.22452134,1786974203,2026-08-17T13:43:23+00:00,25718399,25933619
reference,0x67d4Ae9f265270aE123c08D2657536771D19cD91,0x1eb65da53150b09732fa64192c4a93af489489c1,1,1371,25775628,0x9f82e45c81647398e449814a19b6fc0044394b428ad5fa1bb5d0ba9796fa553d,0xf67aacfabee58662dce29e8557b7075b58c6afdaf35616828c03224740bee8bd,54,156,9867655592,8,98.67655592,1786979639,2026-08-17T15:13:59+00:00,25718399,25933619
primary,0xC353ac4b425f818Ad87E228bf816E15c2173AC07,0x2d5ee9a108f8ffa8a69539924092b6fb0982153e,1,608,25777014,0x410dc950083fbaa3daf8ae5a98b36caada7a62238dd5b8801a64cf76a9cafdad,0x06af9efa2ce600670ab6b1961d96075930073810b0f19d7ea6c551a8b38a1d35,664,497,9844080367,8,98.44080367,1786996355,2026-08-17T19:52:35+00:00,25718399,25933619
reference,0x67d4Ae9f265270aE123c08D2657536771D19cD91,0x1eb65da53150b09732fa64192c4a93af489489c1,1,1372,25782802,0x1dc92771739c72b688b17614a61137adb1c3d986f5b5dcd6d64c3ff78d0d42d3,0xc3b7f7edaa8d175a3eff32121fdbd8c79b004c91be09949176a090a92fcf4c9d,18,126,9855723209,8,98.55723209,1787066075,2026-08-18T15:14:35+00:00,25718399,25933619
primary,0xC353ac4b425f818Ad87E228bf816E15c2173AC07,0x2d5ee9a108f8ffa8a69539924092b6fb0982153e,1,609,25784190,0x7b583aeeb35ede815feacac81e57519385443c5f2f0ed0faefa25be2f7814cd3,0x84691ce52fb6343be60c2a7bd6e317da07fbe6790fc6880cbaeb16b7442c6e97,124,278,9840952448,8,98.40952448,1787082779,2026-08-18T19:52:59+00:00,25718399,25933619
reference,0x67d4Ae9f265270aE123c08D2657536771D19cD91,0x1eb65da53150b09732fa64192c4a93af489489c1,1,1373,25784221,0x92518e49a9b4773e0c42b1b2006c05d6cb261052df211c4332ba1f1700373d6c,0xc9a0d49f5f02fb5c618e75df68175dbd8522fc7f668fcbd43296f6e54813e8fc,135,1095,9804449016,8,98.04449016,1787083151,2026-08-18T19:59:11+00:00,25718399,25933619
reference,0x67d4Ae9f265270aE123c08D2657536771D19cD91,0x1eb65da53150b09732fa64192c4a93af489489c1,1,1374,25784231,0xed3a934c20cd39836f6d0bc2cdfd387d01a76588f353384d969eed81594c5e4f,0x3b38cf3f1f34e64ba79d7a24af0e7af5738006c574e6979cc63dc2c2a423a065,38,50,9854730200,8,98.54730200,1787083271,2026-08-18T20:01:11+00:00,25718399,25933619
reference,0x67d4Ae9f265270aE123c08D2657536771D19cD91,0x1eb65da53150b09732fa64192c4a93af489489c1,1,1375,25785463,0x9bc8bb5fb573400fbe2f4f64583d1a2f7d153733c71f781a1fc511a32b762cef,0x0d061d3d2e2500b0874f071ce7e74e4acd0c321e9355b322001125c3af4e969c,40,131,9804124234,8,98.04124234,1787098067,2026-08-19T00:07:47+00:00,25718399,25933619
reference,0x67d4Ae9f265270aE123c08D2657536771D19cD91,0x1eb65da53150b09732fa64192c4a93af489489c1,1,1376,25789708,0xd49dda3a1e5b056f1e9526a09010f66fab422ae89ad06de50913b97c15b0a90c,0x7dc18f1290a4cc6b5eeb81cff8630bc2a8f712ddf569a55309714023d8a14e94,81,190,9862767699,8,98.62767699,1787149163,2026-08-19T14:19:23+00:00,25718399,25933619
primary,0xC353ac4b425f818Ad87E228bf816E15c2173AC07,0x2d5ee9a108f8ffa8a69539924092b6fb0982153e,1,610,25789752,0xf6d91166480854d2f9b3204f993823f40b9692433a6753ad2ca45180bf5bb129,0x88f9f82652d2d0149fac136808734f436e6b85c18b6eb1433c43b7b93a49766d,113,403,9891233737,8,98.91233737,1787149691,2026-08-19T14:28:11+00:00,25718399,25933619
reference,0x67d4Ae9f265270aE123c08D2657536771D19cD91,0x1eb65da53150b09732fa64192c4a93af489489c1,1,1377,25789778,0x9d39c689171532768a3e64d12e173bcd0d8f78053366ab98cb237f4b683738d4,0xfaec7f7e5b46dd7586665e6f2fe0af1babce081ec76d0d08d3c1af39d4a93c1b,68,1080,9913496070,8,99.13496070,1787150003,2026-08-19T14:33:23+00:00,25718399,25933619
primary,0xC353ac4b425f818Ad87E228bf816E15c2173AC07,0x2d5ee9a108f8ffa8a69539924092b6fb0982153e,1,611,25790114,0x9e423370cf51883db8a26745ecdc5fbb340ee86e06bde11f8769a2e738100aa5,0x869d31a17a06ca24d63c2d7d785f70206583b7263dfd72db5399b6bd8a4d37d4,5,90,9950950911,8,99.50950911,1787154047,2026-08-19T15:40:47+00:00,25718399,25933619
reference,0x67d4Ae9f265270aE123c08D2657536771D19cD91,0x1eb65da53150b09732fa64192c4a93af489489c1,1,1378,25790130,0x6f02149045476fa1714b8e30c31f0da2144ba29738776e269a10a72ddde7d7a6,0x906c10beec8aceb5ea2e8d62d0b12d92222341d8ca185ed40164e5017662d9dd,19,64,9971609039,8,99.71609039,1787154239,2026-08-19T15:43:59+00:00,25718399,25933619
reference,0x67d4Ae9f265270aE123c08D2657536771D19cD91,0x1eb65da53150b09732fa64192c4a93af489489c1,1,1379,25790585,0xfabe65fe2f908e4edc8c256362bbaf5a848cf490c83fee14d6e7a001e3f8f7e8,0xd625757dcbd9e352db2717a8b4ab334237019da48abddae45a5820a80ad78a47,19,592,9921061879,8,99.21061879,1787159735,2026-08-19T17:15:35+00:00,25718399,25933619
reference,0x67d4Ae9f265270aE123c08D2657536771D19cD91,0x1eb65da53150b09732fa64192c4a93af489489c1,1,1380,25791979,0x4f7f113f02afa9d378f60d1e9b682c6e01b7764fd3b56f559fcf2e4c3359d5d3,0xfa078afae9925d93630e22d20ab512d60f340e546bcd7a9fe18a8d4b07e07719,23,343,9970891391,8,99.70891391,1787176535,2026-08-19T21:55:35+00:00,25718399,25933619
reference,0x67d4Ae9f265270aE123c08D2657536771D19cD91,0x1eb65da53150b09732fa64192c4a93af489489c1,1,1381,25794996,0xc451cbabbc93f625a780b4b0ede87e2b50579ffe51e46c5976a29261637d790f,0x8081af2f13f4f154f593f0f9717c6c31ffdbc44e6964fec5e46ce70e6b557cbe,19,266,9911032730,8,99.11032730,1787212823,2026-08-20T08:00:23+00:00,25718399,25933619
reference,0x67d4Ae9f265270aE123c08D2657536771D19cD91,0x1eb65da53150b09732fa64192c4a93af489489c1,1,1382,25795016,0xde87aff62eb60377ae6316715bc696cbc05d0b484001d989692fe6bb6a0fa220,0xba79ef1326910cbf8f552c1465c19b16792847fdaed0e8a3085c8e4ad279ff4e,119,238,9970761061,8,99.70761061,1787213063,2026-08-20T08:04:23+00:00,25718399,25933619
primary,0xC353ac4b425f818Ad87E228bf816E15c2173AC07,0x2d5ee9a108f8ffa8a69539924092b6fb0982153e,1,612,25797291,0xb48ab550b64a7fccf5cd9e6b44d6fba56d3f91b231147cdbb3f5ecedb1ea77d7,0x42d080c2aba466b4e830356622a3d3805afda5c88eefe0bcef10030189088dfb,74,112,9969197101,8,99.69197101,1787240471,2026-08-20T15:41:11+00:00,25718399,25933619
reference,0x67d4Ae9f265270aE123c08D2657536771D19cD91,0x1eb65da53150b09732fa64192c4a93af489489c1,1,1383,25802196,0xff3bd80389c6f3bb41e696d5e30fe34c639c15d57507f4a58ae3d27339f06b50,0xe0a02e10ba32c014700da958d9a6032d7a4483b42ff3a331213211ed6b22f97b,78,436,9967633142,8,99.67633142,1787299499,2026-08-21T08:04:59+00:00,25718399,25933619
primary,0xC353ac4b425f818Ad87E228bf816E15c2173AC07,0x2d5ee9a108f8ffa8a69539924092b6fb0982153e,1,613,25804473,0x0b80040aa164bcbaa83669b90a5bb67ed5f687d0190f7339dadc842c45db806a,0x182147ac58a8e7358a776102891b27776b89962e419d6c8d855f91b46d3a80c1,20,224,10003969127,8,100.03969127,1787326895,2026-08-21T15:41:35+00:00,25718399,25933619
reference,0x67d4Ae9f265270aE123c08D2657536771D19cD91,0x1eb65da53150b09732fa64192c4a93af489489c1,1,1384,25805515,0x2d40f311ec51c0b01e1860492ba59a326f289a2898a3d76a7c1c69145f437f2f,0x693280a29ff24bebca6b85007030b5aa26138ec260c6c8f3f1259fdd1c40d897,39,269,10017570046,8,100.17570046,1787339423,2026-08-21T19:10:23+00:00,25718399,25933619
reference,0x67d4Ae9f265270aE123c08D2657536771D19cD91,0x1eb65da53150b09732fa64192c4a93af489489c1,1,1385,25812690,0x73f3563810bd47d1fcf854b9f3decc1e4dfd2ab8ddf61dcd6ecf460963a271f9,0xb6ab26197d82f59424557f021b0181529ceb69c17688bd3c32d5d07bf27d205b,136,244,10030191509,8,100.30191509,1787425835,2026-08-22T19:10:35+00:00,25718399,25933619
reference,0x67d4Ae9f265270aE123c08D2657536771D19cD91,0x1eb65da53150b09732fa64192c4a93af489489c1,1,1386,25819864,0xf0969341799d9be27e15e7ae3d182b2b46cb01a34c09fc664eb9cae87d0365de,0x68f981bddc3dc1e9e8f7de1fbc79a662c876211e85e01d460b7b5c708b592bf8,33,90,10030191509,8,100.30191509,1787512247,2026-08-23T19:10:47+00:00,25718399,25933619
primary,0xC353ac4b425f818Ad87E228bf816E15c2173AC07,0x2d5ee9a108f8ffa8a69539924092b6fb0982153e,1,614,25825348,0xb12fa8079f8608148842e8eb1a755f17f76bba07bee130fe389f3b81e056e638,0x9fc482d087590e8023a978cb530582331d66b79b83e5e6869a11dda32a2cd256,278,547,10044788462,8,100.44788462,1787578247,2026-08-24T13:30:47+00:00,25718399,25933619
reference,0x67d4Ae9f265270aE123c08D2657536771D19cD91,0x1eb65da53150b09732fa64192c4a93af489489c1,1,1387,25825531,0x8efc32998a2df09769089d871a2add08cd539c5bf334abbf31a3e91e75d04a20,0x582cf5d37f4e3a56bbf71d1b59ecedbe11172d80ce1421bc981b9df4a96c7793,16,150,10080759523,8,100.80759523,1787580443,2026-08-24T14:07:23+00:00,25718399,25933619
primary,0xC353ac4b425f818Ad87E228bf816E15c2173AC07,0x2d5ee9a108f8ffa8a69539924092b6fb0982153e,1,615,25825664,0xfdae216dd4c61ddcb128f4e791fc8b9b6120077997d4b485172552b47dd24263,0xbd30ff391c096f4a8cf5b6f15c712a84362552b0a5022e66b4a9f2fea65ffefa,266,476,10095356475,8,100.95356475,1787582039,2026-08-24T14:33:59+00:00,25718399,25933619
reference,0x67d4Ae9f265270aE123c08D2657536771D19cD91,0x1eb65da53150b09732fa64192c4a93af489489c1,1,1388,25826719,0xf40845872430ae8f3ae2776c56cd0eef59e8ed38ea269d160829a75cb96e91e1,0xca8b1fb86401a281b60c9601aeb2800745dfeba50d7df11a3f6222545fc32ce3,138,352,10133785141,8,101.33785141,1787594711,2026-08-24T18:05:11+00:00,25718399,25933619
primary,0xC353ac4b425f818Ad87E228bf816E15c2173AC07,0x2d5ee9a108f8ffa8a69539924092b6fb0982153e,1,616,25826935,0x86dc2a72d24f97195bfb601ee48c0c6cf45ead489e728c7cd9f7a2cbf84760ae,0xf86da5b5a71cc70e85455f18aa163024963b049ecd3394da05c6ebb36e97c692,23,198,10146941062,8,101.46941062,1787597315,2026-08-24T18:48:35+00:00,25718399,25933619
reference,0x67d4Ae9f265270aE123c08D2657536771D19cD91,0x1eb65da53150b09732fa64192c4a93af489489c1,1,1389,25828487,0xd2460fc83948641d5446a6040c8db9de78ce5b13e1768964cb97385eb2971d97,0x41a54ee38d419536f375a99c72e1429e27fbb0ced5a55d0f7852917d44dfbdab,182,432,10046128983,8,100.46128983,1787616047,2026-08-25T00:00:47+00:00,25718399,25933619
reference,0x67d4Ae9f265270aE123c08D2657536771D19cD91,0x1eb65da53150b09732fa64192c4a93af489489c1,1,1390,25828490,0x30edc956c510b8ef1bf3106f85bc6f6791e3a960c359085754b4534fb5ae3b3d,0xb5a6258c99c3efdfd0696ff8b1399cdd4c6698d9b592ffb85a4df5629c0b6a9c,100,76,10139668652,8,101.39668652,1787616083,2026-08-25T00:01:23+00:00,25718399,25933619
reference,0x67d4Ae9f265270aE123c08D2657536771D19cD91,0x1eb65da53150b09732fa64192c4a93af489489c1,1,1391,25833942,0x37c851fae1d8e3a9945ebb7efef51f89b7a1e31b656fb1a7d511ea75b06cedcc,0x151bc2c1f07cc727577c7bc7847c927a202be77be58b49f40e0bc09143ca95e9,208,536,10190460102,8,101.90460102,1787681771,2026-08-25T18:16:11+00:00,25718399,25933619
primary,0xC353ac4b425f818Ad87E228bf816E15c2173AC07,0x2d5ee9a108f8ffa8a69539924092b6fb0982153e,1,617,25834106,0xc997345ab59680775ca037e0ad47eaa0f8ac374a5731fd6625b6bccd6f30889b,0x4f887801aff32e90e5cae5fce07aa58fc9838d6c8d8a5ffdee46076c8e5277e9,77,143,10189194025,8,101.89194025,1787683739,2026-08-25T18:48:59+00:00,25718399,25933619
reference,0x67d4Ae9f265270aE123c08D2657536771D19cD91,0x1eb65da53150b09732fa64192c4a93af489489c1,1,1392,25834449,0x7d9ab9550c057ec6ce2fe5bd279f30466dd12f42a26d409aacadab4a09dd9751,0x76831d9896443ddfc843f79cca3239e1110d9ddb00e0747ab61bf460673e2a2f,22,101,10137235861,8,101.37235861,1787687867,2026-08-25T19:57:47+00:00,25718399,25933619
primary,0xC353ac4b425f818Ad87E228bf816E15c2173AC07,0x2d5ee9a108f8ffa8a69539924092b6fb0982153e,1,618,25834450,0x28555e6f0e98860ba6cb9acff1f5532d220bf4949f368a38374de92403bfa28f,0x00ac918c24333fabf19b376abef674232311de4a98e127c339d71099a33b2a84,95,181,10136029840,8,101.36029840,1787687879,2026-08-25T19:57:59+00:00,25718399,25933619
reference,0x67d4Ae9f265270aE123c08D2657536771D19cD91,0x1eb65da53150b09732fa64192c4a93af489489c1,1,1393,25835660,0xd497c610870d005c83c39699d625935fdccf14b2dcb118c57b6b908496735cbf,0xfeb257dbe7fd45a785b12cae436379d768b9d953b385aa197cc26ee6fb9a2e25,140,113,10052980584,8,100.52980584,1787702435,2026-08-26T00:00:35+00:00,25718399,25933619
reference,0x67d4Ae9f265270aE123c08D2657536771D19cD91,0x1eb65da53150b09732fa64192c4a93af489489c1,1,1394,25835661,0x524c0dcc0863e4080cb6426ee0f381fc45022f14b5a9497684f6e15c06606f55,0x4a9025e71177c9fb4371588e7a5412f4f853984fabf81c471be9f32ce492f421,37,58,10128894745,8,101.28894745,1787702447,2026-08-26T00:00:47+00:00,25718399,25933619
reference,0x67d4Ae9f265270aE123c08D2657536771D19cD91,0x1eb65da53150b09732fa64192c4a93af489489c1,1,1395,25841409,0x435ae130df4fb3d7283d5e91b186522eb2bc650dc577de6d38c26751ef7a0258,0x637d22c6f40c508841d4f44135c3c45c845cd70c586de305ea84fc1dd89c27c6,48,274,10180563265,8,101.80563265,1787771663,2026-08-26T19:14:23+00:00,25718399,25933619
reference,0x67d4Ae9f265270aE123c08D2657536771D19cD91,0x1eb65da53150b09732fa64192c4a93af489489c1,1,1396,25841625,0xf8ceb4cc206fcd1dd15596504b8975c40e53e500ade51d978ab5f5a58eacadcd,0xf8cc2732b735de720371c7d3f985f454e341cccdadc64d01dee1229b50be6694,90,381,10128547129,8,101.28547129,1787774279,2026-08-26T19:57:59+00:00,25718399,25933619
primary,0xC353ac4b425f818Ad87E228bf816E15c2173AC07,0x2d5ee9a108f8ffa8a69539924092b6fb0982153e,1,619,25841628,0x46ac5446c7abd89f1c0452810a3754fbaf1265ddc21c0b86318e3ac932afdaae,0x237f82ab3f07bf8202489eb14cae63afab034e0e7cd0e5a43903a6c45505e0d5,137,376,10130806215,8,101.30806215,1787774315,2026-08-26T19:58:35+00:00,25718399,25933619
reference,0x67d4Ae9f265270aE123c08D2657536771D19cD91,0x1eb65da53150b09732fa64192c4a93af489489c1,1,1397,25843299,0xf5c0cb9af7ea582451f7451df22828e2731c435390bb6d9bc9166272e5a51d2a,0xfb4d8a8dedaafad901ee526b16cc9885fe2ac34350e097ebd5bb9aa203617135,208,418,10185759780,8,101.85759780,1787794463,2026-08-27T01:34:23+00:00,25718399,25933619
primary,0xC353ac4b425f818Ad87E228bf816E15c2173AC07,0x2d5ee9a108f8ffa8a69539924092b6fb0982153e,1,620,25846883,0x84b4576831a912a2d67b3b63be8d28026ac97f67c15888a5720e903c1a8e9db7,0xefdf57b1f245d7b601c4f354df842131b4c057c5a80e5db806f815d72c0e5860,71,155,10184017321,8,101.84017321,1787837591,2026-08-27T13:33:11+00:00,25718399,25933619
reference,0x67d4Ae9f265270aE123c08D2657536771D19cD91,0x1eb65da53150b09732fa64192c4a93af489489c1,1,1398,25850013,0x9ea8ff9bd04c912a840d1db45846462143d162bbafe86de74b80a53ad569b969,0x1cd8155d5496ab3f2582cec95d56605d0da4656e7d8b3d61c383e6a8c860ca89,83,107,10299513308,8,102.99513308,1787875247,2026-08-28T00:00:47+00:00,25718399,25933619
reference,0x67d4Ae9f265270aE123c08D2657536771D19cD91,0x1eb65da53150b09732fa64192c4a93af489489c1,1,1399,25850016,0x7314229f7d0d347f0e735ea20e303ed5f0d9340da343978de6f9771f93e80857,0xa6680213a58ece1f177fa20e9c5e2385aa09ced9bd5a8a0c8c9d63e5b9488753,50,66,10197013821,8,101.97013821,1787875283,2026-08-28T00:01:23+00:00,25718399,25933619
primary,0xC353ac4b425f818Ad87E228bf816E15c2173AC07,0x2d5ee9a108f8ffa8a69539924092b6fb0982153e,1,621,25854065,0x5e0b63f6d3efcba2cee31871d0350b6ec2765aa52e9b555f822dc119c52a6d53,0xf78c89f81fa164d2a9a137ce62748a205c5438866a2e6dba860988ffef8a0ff1,55,289,10215781331,8,102.15781331,1787924027,2026-08-28T13:33:47+00:00,25718399,25933619
primary,0xC353ac4b425f818Ad87E228bf816E15c2173AC07,0x2d5ee9a108f8ffa8a69539924092b6fb0982153e,1,622,25855740,0x4260370761b072dd8fa4f32d0299e4ec1ad27cb4d73a65768bd400143d95d5f9,0xbc2b16987bcee081d24d89993b0fbd2a23303766a2d74769c823219016805dbc,55,476,10163670212,8,101.63670212,1787944223,2026-08-28T19:10:23+00:00,25718399,25933619
reference,0x67d4Ae9f265270aE123c08D2657536771D19cD91,0x1eb65da53150b09732fa64192c4a93af489489c1,1,1400,25857189,0x74f38388a901b7b7ac1423fb34447be9df6131bc7a545bdcf03f925e9bf0389e,0x463f6681bb313d650ff79cdf5ff942b903572b9c1aefec9622bfdfd34d6794d5,36,121,10180470574,8,101.80470574,1787961695,2026-08-29T00:01:35+00:00,25718399,25933619
reference,0x67d4Ae9f265270aE123c08D2657536771D19cD91,0x1eb65da53150b09732fa64192c4a93af489489c1,1,1401,25864369,0xf6815f726a3f5eeb57343f3400b9f297ea0b8554287f7d7fa328697162bbf4c9,0x428d26c83eac8e46a55ad1b43629f7f31fe7adc3ed24b38318fe3f51ec765fb7,100,345,10180470574,8,101.80470574,1788048131,2026-08-30T00:02:11+00:00,25718399,25933619
reference,0x67d4Ae9f265270aE123c08D2657536771D19cD91,0x1eb65da53150b09732fa64192c4a93af489489c1,1,1402,25871548,0x7f44ab6cf924a3e0a832fe7f257057890b48e01edae6954f8ba5d176856935a8,0xa6733db133d3c6a6e7e5731fa75ff756b3f40e04ad1277ab740ee3540f58b743,4,112,10109800055,8,101.09800055,1788134555,2026-08-31T00:02:35+00:00,25718399,25933619
reference,0x67d4Ae9f265270aE123c08D2657536771D19cD91,0x1eb65da53150b09732fa64192c4a93af489489c1,1,1403,25871594,0xe9516511a621645dd0dddf0a8ac2da9a6564f1d7905d37ad523295f55070ed05,0x28da47d8898185d59d568f5845b7ba07eea85b64a6d78630ecc9b7d08921d8b3,57,632,10173327851,8,101.73327851,1788135107,2026-08-31T00:11:47+00:00,25718399,25933619
reference,0x67d4Ae9f265270aE123c08D2657536771D19cD91,0x1eb65da53150b09732fa64192c4a93af489489c1,1,1404,25873930,0x060dab19dfd6095cfd45473cfa1ee24f33b18d1c8d17ee1f3cecfdec8ef6d47d,0xb193b0733f429fcf632193dd379ce272d3c1173f633052bda9c3181fa77a2f4d,8,15,10249319603,8,102.49319603,1788163235,2026-08-31T08:00:35+00:00,25718399,25933619
reference,0x67d4Ae9f265270aE123c08D2657536771D19cD91,0x1eb65da53150b09732fa64192c4a93af489489c1,1,1405,25873942,0xa9309502c4549d93251da2eda22ef96a053f55415ee01e8b0e1ab925ac235594,0xdeace82c1c502d1594c7b8c843e8cfe4a766b4e961e088163695e140b38b2884,59,197,10197636710,8,101.97636710,1788163379,2026-08-31T08:02:59+00:00,25718399,25933619
primary,0xC353ac4b425f818Ad87E228bf816E15c2173AC07,0x2d5ee9a108f8ffa8a69539924092b6fb0982153e,1,623,25875572,0x81322a79badccf80748f9e43d3c91168c1732768c4dad14c3e9405e88646a433,0xd72a7e6efd9b2387bc65e4d5f28f7e5b861dd48744abee01ffd47b447058ec4f,388,630,10203772195,8,102.03772195,1788183059,2026-08-31T13:30:59+00:00,25718399,25933619
primary,0xC353ac4b425f818Ad87E228bf816E15c2173AC07,0x2d5ee9a108f8ffa8a69539924092b6fb0982153e,1,624,25876063,0xb332ca5f7338cab2d63bd6db803c259fb75104bc9803f7a130218f6e87fd35d5,0xca5c4ebac83df7126592efac614bc810b8b1f9454581a59e2ed69396b61b915c,17,314,10151145341,8,101.51145341,1788188963,2026-08-31T15:09:23+00:00,25718399,25933619
reference,0x67d4Ae9f265270aE123c08D2657536771D19cD91,0x1eb65da53150b09732fa64192c4a93af489489c1,1,1406,25876108,0x7bd56091e2f5c46f050fade5a1b79a2aac48bf011437f3d2c498bda7eff215a1,0xe782fc76a11fb4d9824adbc4bb7bbc2a15bcee169601b4d357cc4ddc8e6039ca,104,175,10143288885,8,101.43288885,1788189503,2026-08-31T15:18:23+00:00,25718399,25933619
reference,0x67d4Ae9f265270aE123c08D2657536771D19cD91,0x1eb65da53150b09732fa64192c4a93af489489c1,1,1407,25880837,0x17de63d33a030ab2a21bb3251b31230e0f060067b181f677ddd412c92a016c02,0x46443499b91431007be43b48c6299b7ec3ae2b1809baebc189e96d12c4530403,97,282,10197221795,8,101.97221795,1788246503,2026-09-01T07:08:23+00:00,25718399,25933619
reference,0x67d4Ae9f265270aE123c08D2657536771D19cD91,0x1eb65da53150b09732fa64192c4a93af489489c1,1,1408,25882605,0xdfb378ad903b5175ed2eeb2cb6d7969e8b9047c24b8a7e56ef7409fdcca03166,0x653fbe363122cbcdd9760b5bec40cbd07040c866c41b105161618be3c8cd5ae0,74,388,10143147924,8,101.43147924,1788267803,2026-09-01T13:03:23+00:00,25718399,25933619
primary,0xC353ac4b425f818Ad87E228bf816E15c2173AC07,0x2d5ee9a108f8ffa8a69539924092b6fb0982153e,1,625,25883237,0x28838f60dfe127049cca8f7eacd3c585e7ce5454f1739a8456f3d5ed1bb94e4c,0xcf780d097ec2434b61b08eb10d351d3f60db405e8e24a4139f262fe6b5df6a99,95,174,10163789829,8,101.63789829,1788275387,2026-09-01T15:09:47+00:00,25718399,25933619
reference,0x67d4Ae9f265270aE123c08D2657536771D19cD91,0x1eb65da53150b09732fa64192c4a93af489489c1,1,1409,25889784,0x14be4f2f4b03282cbf8c79246dcfaaa192ae27fefdfaad3edccf02b60168ae37,0x0049855643557abc81d13c5e0b8dd0e70fa885438fd556e304c51b560e4e2812,77,117,10139695607,8,101.39695607,1788354227,2026-09-02T13:03:47+00:00,25718399,25933619
primary,0xC353ac4b425f818Ad87E228bf816E15c2173AC07,0x2d5ee9a108f8ffa8a69539924092b6fb0982153e,1,626,25890413,0x4260ad7544f7e8a3805231923d39ad80035e6e458ca81c09fe9418357afafc66,0x80747aec76ab08efb01277a2dc5036724fa014a321c82430d401c30454c749ae,85,108,10164324325,8,101.64324325,1788361811,2026-09-02T15:10:11+00:00,25718399,25933619
reference,0x67d4Ae9f265270aE123c08D2657536771D19cD91,0x1eb65da53150b09732fa64192c4a93af489489c1,1,1410,25896958,0x4291b4370faec2faef065231ac18fd8d6d57552b094bda38acd56f2e91b43bf5,0x0f0a6442741e04cb6723112923ba89fc228aef8a50b0c834df06c9afbbee0b75,75,416,10185808951,8,101.85808951,1788440651,2026-09-03T13:04:11+00:00,25718399,25933619
primary,0xC353ac4b425f818Ad87E228bf816E15c2173AC07,0x2d5ee9a108f8ffa8a69539924092b6fb0982153e,1,627,25897524,0x953ea59676749e38277bff404c728b1d2ed9c3a38d08a9033a912737705fb962,0x163f46d1364faad8ed334793a7347f56d6e1361a136918a15018138ef50743d3,44,200,10215499657,8,102.15499657,1788447455,2026-09-03T14:57:35+00:00,25718399,25933619
reference,0x67d4Ae9f265270aE123c08D2657536771D19cD91,0x1eb65da53150b09732fa64192c4a93af489489c1,1,1411,25897616,0x6c9758cc6b79fa90b195c665033e034d5c2c45eda9d493d83da8395e51332440,0xed8698a00d59c82f92b370e5d7455362a7cb6038ee5cc77ed4036f6f2ddb5b86,29,283,10238559788,8,102.38559788,1788448559,2026-09-03T15:15:59+00:00,25718399,25933619
primary,0xC353ac4b425f818Ad87E228bf816E15c2173AC07,0x2d5ee9a108f8ffa8a69539924092b6fb0982153e,1,628,25898291,0xfd5c3216f301504af9ceb568e0c00d5f5b845814b5bbdcc5dd4e6bfed26d7da1,0x031778cbb973bd7b41d3aafa347076c653d380a5b9b22a780437ff29768535d2,45,163,10267492453,8,102.67492453,1788456695,2026-09-03T17:31:35+00:00,25718399,25933619
reference,0x67d4Ae9f265270aE123c08D2657536771D19cD91,0x1eb65da53150b09732fa64192c4a93af489489c1,1,1412,25900229,0xed018502bfc3eb2fdbc52d1453fc6c70b1f2218a8249f33391d07aab50e2eced,0xc6a258b5f58b114c9aeb31df2f829a39ded2e006d7dc76c6e736c8235af6ba5c,70,496,10349476424,8,103.49476424,1788480035,2026-09-04T00:00:35+00:00,25718399,25933619
reference,0x67d4Ae9f265270aE123c08D2657536771D19cD91,0x1eb65da53150b09732fa64192c4a93af489489c1,1,1413,25900231,0x9828c440760a0ee41c552830c6c4d7bf080af0000c1474d0f65ed45c5e526e25,0x3ad8b619eaa6e42c2f392a077f278c56bc41a53eb535e517b3f6924d6dcf3cf8,98,153,10268254057,8,102.68254057,1788480059,2026-09-04T00:00:59+00:00,25718399,25933619
reference,0x67d4Ae9f265270aE123c08D2657536771D19cD91,0x1eb65da53150b09732fa64192c4a93af489489c1,1,1414,25904023,0x5c1ee5d844e3ec3543301f96d4f85ee9aa848ed38c240e3742efd5317589edad,0x309100a6e824e45cfdbc86541afe07427d91fc3700f1d7412dd30537108fd03f,120,372,10215153807,8,102.15153807,1788525707,2026-09-04T12:41:47+00:00,25718399,25933619
reference,0x67d4Ae9f265270aE123c08D2657536771D19cD91,0x1eb65da53150b09732fa64192c4a93af489489c1,1,1415,25904505,0x3ac64152630a8c9a2e445755e10c5dd010fd7da8b23e5ed66266bdfb47baec43,0x25108215ae2747453740c397602f510aa7152d55e92c49b10ae1107538197b2f,276,526,10266507304,8,102.66507304,1788531527,2026-09-04T14:18:47+00:00,25718399,25933619
primary,0xC353ac4b425f818Ad87E228bf816E15c2173AC07,0x2d5ee9a108f8ffa8a69539924092b6fb0982153e,1,629,25905466,0x321039ef3a798347fd4221417e1caf51145eeb4dd1079c3f45a82924d96e57bc,0xd8f3ac828a713f3c2ff5e30c7d5907507a374963377c6bff32ee173e90f3454d,61,225,10260743136,8,102.60743136,1788543119,2026-09-04T17:31:59+00:00,25718399,25933619
reference,0x67d4Ae9f265270aE123c08D2657536771D19cD91,0x1eb65da53150b09732fa64192c4a93af489489c1,1,1416,25910725,0xdfa7ef17cc09f4490a101bf8a417fbd1374e4ce5c0183d14d0ffdb82d3864cda,0x104ff5b82eb0079e623b79f90a2168ac2bc0d704c466fc8fc128ec8b4af522a2,106,160,10214839398,8,102.14839398,1788606455,2026-09-05T11:07:35+00:00,25718399,25933619
reference,0x67d4Ae9f265270aE123c08D2657536771D19cD91,0x1eb65da53150b09732fa64192c4a93af489489c1,1,1417,25917905,0x680902bb80b624ec6b06ad861d8678ee8252fad0eae4eef709bea452cc9b9435,0x6c4f7eceda47f72981a9108db1f793e358a6d89d8a892c0f449c0ebd07e3d08e,193,605,10230350250,8,102.30350250,1788692879,2026-09-06T11:07:59+00:00,25718399,25933619
reference,0x67d4Ae9f265270aE123c08D2657536771D19cD91,0x1eb65da53150b09732fa64192c4a93af489489c1,1,1418,25925080,0x3d9fa701451a6282b85f3e4730d3313bde3d77e3ff71c9f1e38bcaf2005dfbe9,0x86df875b8f8e3226ab2a75c276b822f851b3154bbc70914a2a1d2a85ae387f31,143,236,10232446311,8,102.32446311,1788779291,2026-09-07T11:08:11+00:00,25718399,25933619
reference,0x67d4Ae9f265270aE123c08D2657536771D19cD91,0x1eb65da53150b09732fa64192c4a93af489489c1,1,1419,25930160,0xb5504f91460f8a9e4b7a18b3ec9f4e08056507935c9b414b3007148b79da8a89,0xe97582f467f1674912f5c78db94a63dc71fdd80ed273e959d821331e1702eb81,48,204,10179695475,8,101.79695475,1788840527,2026-09-08T04:08:47+00:00,25718399,25933619
reference,0x67d4Ae9f265270aE123c08D2657536771D19cD91,0x1eb65da53150b09732fa64192c4a93af489489c1,1,1420,25930224,0x83caa97216bbec1f34cf5ed8f3a1bd20f857b31f87ceb938743c7abaf7d9ca58,0x4dbcbb7024a46e66d15dc2012eb18a67ef908acd8c05be957e4fd86ea57eed5d,47,109,10234647175,8,102.34647175,1788841307,2026-09-08T04:21:47+00:00,25718399,25933619
primary,0xC353ac4b425f818Ad87E228bf816E15c2173AC07,0x2d5ee9a108f8ffa8a69539924092b6fb0982153e,1,630,25932954,0x8324ed8f85758456fc8540fe7ba3320ad5b1d26bb405d95e70402a43291bf4d3,0x44640123b62ad7d0f4ee2e29fc77587b575b32c0dc551e39c156c40c0c019b61,117,856,10251834876,8,102.51834876,1788874223,2026-09-08T13:30:23+00:00,25718399,25933619
